chrom,pos,id,ref,alt,qual,filter,info,format,sample1
0,1,10177,rs367896724,A,AC,.,PASS,AF=0.3448;DR2=0;IMP,GT:DS:AP1:AP2:GP,"0|0:0.69:0.36:0.33:0.43,0.45,0.12"
1,1,10235,rs540431307,T,TA,.,PASS,AF=0;DR2=0;IMP,GT:DS:AP1:AP2:GP,"0|0:0:0:0:1,0,0"
2,1,10352,rs555500075,T,TA,.,PASS,AF=0.4968;DR2=0.03;IMP,GT:DS:AP1:AP2:GP,"1|0:0.99:0.59:0.41:0.25,0.52,0.24"
3,1,10505,rs548419688,A,T,.,.,AF=0.000138266;INFO=0;RAF=0.000199681,GT,0|0
4,1,10506,rs568405545,C,G,.,.,AF=0.000138265;INFO=0;RAF=0.000199681,GT,0|0
5,1,10511,rs534229142,G,A,.,.,AF=0.000125237;INFO=0;RAF=0.000199681,GT,0|0
6,1,10539,rs537182016,C,A,.,.,AF=1.43605e-05;INFO=0;RAF=0.000599042,GT,0|0
7,1,10542,rs572818783,C,T,.,.,AF=0.000156497;INFO=0;RAF=0.000199681,GT,0|0
8,1,10579,rs538322974,C,A,.,.,AF=1.65711e-05;INFO=0;RAF=0.000199681,GT,0|0
9,1,10616,rs376342519,CCGCCGTTGCAAAGGCGCGCCG,C,.,PASS,AF=0.9992;DR2=0;IMP,GT:DS:AP1:AP2:GP,"1|1:2:1:1:0,0,1"
10,1,10642,rs558604819,G,A,.,.,AF=0.000402733;INFO=0;RAF=0.00419329,GT,0|0
11,1,11008,rs575272151,C,G,.,.,AF=0.026474;INFO=0;RAF=0.0880591,GT,0|0
12,1,11012,rs544419019,C,G,.,.,AF=0.026474;INFO=0;RAF=0.0880591,GT,0|0
13,1,11063,rs561109771,T,G,.,.,AF=0.000658072;INFO=0;RAF=0.00299521,GT,0|0
14,1,13011,rs574746232,T,G,.,.,AF=2.95321e-05;INFO=0;RAF=0.000599042,GT,0|0
15,1,13110,rs540538026,G,A,.,.,AF=0.052636;INFO=0.032;RAF=0.0267572,GT,0|0
16,1,13116,rs62635286,T,G,.,.,AF=0.116015;INFO=0.041;RAF=0.0970447,GT,0|0
17,1,13118,rs200579949,A,G,.,.,AF=0.116015;INFO=0.041;RAF=0.0970447,GT,0|0
18,1,13156,rs552314247,G,C,.,.,AF=0.000148433;INFO=0;RAF=0.000199681,GT,0|0
19,1,13259,rs562993331,G,A,.,.,AF=5.90765e-05;INFO=0;RAF=0.000399361,GT,0|0
20,1,13273,rs531730856,G,C,.,.,AF=0.0169104;INFO=0;RAF=0.0950479,GT,0|0
21,1,13284,rs548333521,G,A,.,.,AF=3.18042e-05;INFO=0;RAF=0.00139776,GT,0|0
22,1,13289,rs538791886,CCT,C,.,PASS,AF=0.0196;DR2=0.02;IMP,GT:DS:AP1:AP2:GP,"0|0:0.04:0:0.04:0.96,0.04,0"
23,1,13289,rs568318295,C,T,.,.,AF=4.75375e-05;INFO=0;RAF=0.000599042,GT,0|0
24,1,13313,rs527952245,T,G,.,.,AF=6.38274e-06;INFO=0;RAF=0.000199681,GT,0|0
25,1,13365,rs548087592,C,T,.,.,AF=6.53614e-06;INFO=0;RAF=0.000199681,GT,0|0
26,1,13380,rs571093408,C,G,.,.,AF=0.00278266;INFO=0;RAF=0.0081869,GT,0|0
27,1,13382,rs538606945,C,G,.,.,AF=1.03374e-05;INFO=0;RAF=0.000199681,GT,0|0
28,1,13445,rs558318514,C,G,.,.,AF=0.000162652;INFO=0;RAF=0.000599042,GT,0|0
29,1,13453,rs568927457,T,C,.,.,AF=0.000226978;INFO=0;RAF=0.000798722,GT,0|0
30,1,13482,rs537951473,G,C,.,.,AF=3.47009e-05;INFO=0;RAF=0.000399361,GT,0|0
31,1,13483,rs554760071,G,C,.,.,AF=2.21864e-05;INFO=0;RAF=0.00199681,GT,0|0
32,1,13494,rs574697788,A,G,.,.,AF=1.3694e-05;INFO=0;RAF=0.00139776,GT,0|0
33,1,13543,rs540466151,T,G,.,.,AF=1.81061e-05;INFO=0;RAF=0.000599042,GT,0|0
34,1,13550,rs554008981,G,A,.,.,AF=0.00049265;INFO=0;RAF=0.00339457,GT,0|0
35,1,14462,rs577106641,A,G,.,.,AF=5.01437e-05;INFO=0;RAF=0.000199681,GT,0|0
36,1,14464,rs546169444,A,T,.,.,AF=0.282688;INFO=0.389;RAF=0.0958466,GT,0|1
37,1,14564,rs562748080,G,A,.,.,AF=0.000100026;INFO=0;RAF=0.000199681,GT,0|0
38,1,14599,rs531646671,T,A,.,.,AF=0.0967004;INFO=0.008;RAF=0.147564,GT,0|0
39,1,14604,rs541940975,A,G,.,.,AF=0.032642;INFO=0.032;RAF=0.147564,GT,0|0
40,1,14674,rs561913721,G,A,.,.,AF=0.000107771;INFO=0;RAF=0.000199681,GT,0|0
41,1,14719,rs527865771,C,A,.,.,AF=0.000101421;INFO=0;RAF=0.000199681,GT,0|0
42,1,14728,rs547701710,C,A,.,.,AF=0.000121808;INFO=0;RAF=0.000399361,GT,0|0
43,1,14775,rs571121669,C,T,.,.,AF=0.000560285;INFO=0;RAF=0.000399361,GT,0|0
44,1,14860,rs533499096,G,A,.,.,AF=5.05592e-05;INFO=0;RAF=0.000199681,GT,0|0
45,1,14874,rs552113149,G,C,.,.,AF=9.26399e-05;INFO=0;RAF=0.000199681,GT,0|0
46,1,14930,rs75454623,A,G,.,.,AF=0.829703;INFO=0.076;RAF=0.482228,GT,1|1
47,1,14933,rs199856693,G,A,.,.,AF=0.00630277;INFO=0.004;RAF=0.0283546,GT,0|0
48,1,14975,rs554686622,C,T,.,.,AF=7.55931e-05;INFO=0;RAF=0.000599042,GT,0|0
49,1,15031,rs568188357,G,A,.,.,AF=0.000138188;INFO=0;RAF=0.000798722,GT,0|0
50,1,15089,rs533985096,C,T,.,.,AF=2.62238e-05;INFO=0;RAF=0.000399361,GT,0|0
51,1,15117,rs553722146,C,T,.,.,AF=3.3256e-05;INFO=0;RAF=0.000399361,GT,0|0
52,1,15179,rs577026159,G,T,.,.,AF=6.47345e-06;INFO=0;RAF=0.000399361,GT,0|0
53,1,15211,rs78601809,T,G,.,.,AF=0.888669;INFO=0.093;RAF=0.609026,GT,1|1
54,1,15241,rs556492625,G,T,.,.,AF=5.09548e-05;INFO=0;RAF=0.000599042,GT,0|0
55,1,15245,rs576044687,C,T,.,.,AF=4.48245e-05;INFO=0;RAF=0.00419329,GT,0|0
56,1,15255,rs541857151,G,C,.,.,AF=1.25904e-05;INFO=0;RAF=0.000199681,GT,0|0
57,1,15260,rs561825427,C,T,.,.,AF=5.0765e-05;INFO=0;RAF=0.000399361,GT,0|0
58,1,15274,rs62636497,A,G,.,PASS,"AF=0.2512;DR2=0.14,0.12;IMP",GT:DS:AP1:AP2:GP,"0|0:0.5:0.09:0.41:0,0.01,0.04"
59,1,15274,rs62636497,A,T,.,PASS,"AF=0.6799;DR2=0.01,0.01;IMP",GT:DS:AP1:AP2:GP,"1|1:1.36:0.63:0.73:0,0,0.46"
60,1,15418,rs564536632,G,A,.,.,AF=1.27913e-05;INFO=0;RAF=0.000199681,GT,0|0
61,1,15585,rs533630043,G,A,.,.,AF=8.60726e-05;INFO=0;RAF=0.000998403,GT,0|0
62,1,15627,rs550231014,T,C,.,.,AF=0.000101133;INFO=0;RAF=0.000199681,GT,0|0
63,1,15644,rs564003018,G,A,.,.,AF=0.00339459;INFO=0;RAF=0.0081869,GT,0|0
64,1,15774,rs374029747,G,A,.,.,AF=0.00387605;INFO=0;RAF=0.0119808,GT,0|0
65,1,15776,rs548251696,A,T,.,.,AF=6.12305e-05;INFO=0;RAF=0.000399361,GT,0|0
66,1,15777,rs568149713,A,G,.,.,AF=0.004065;INFO=0.003;RAF=0.0283546,GT,0|0
67,1,15790,rs533659262,G,A,.,.,AF=0.000239123;INFO=0;RAF=0.00159744,GT,0|0
68,1,15791,rs547522712,C,T,.,.,AF=9.06185e-05;INFO=0;RAF=0.000199681,GT,0|0
69,1,15820,rs2691315,G,T,.,.,AF=0.540398;INFO=0.053;RAF=0.410543,GT,0|1
70,1,15833,rs539683926,T,C,.,.,AF=0.0001;INFO=0;RAF=0.000199681,GT,0|0
71,1,15849,rs556025965,C,T,.,.,AF=0.00044337;INFO=0;RAF=0.000599042,GT,0|0
72,1,15850,rs575961614,G,A,.,.,AF=0.00101786;INFO=0;RAF=0.000599042,GT,0|0
73,1,15886,rs535454006,T,C,.,.,AF=0.000100012;INFO=0;RAF=0.000199681,GT,0|0
74,1,15893,rs555382915,T,C,.,.,AF=0.0001;INFO=0;RAF=0.000199681,GT,0|0
75,1,15903,rs557514207,G,GC,.,PASS,AF=0.4055;DR2=0.35;IMP,GT:DS:AP1:AP2:GP,"0|1:0.81:0.11:0.7:0.27,0.65,0.08"
76,1,16042,rs572465511,G,C,.,.,AF=0.000139018;INFO=0;RAF=0.000399361,GT,0|0
77,1,16071,rs541172944,G,A,.,.,AF=0.000578699;INFO=0;RAF=0.00259585,GT,0|0
78,1,16091,rs564675576,G,A,.,.,AF=0.000104337;INFO=0;RAF=0.000199681,GT,0|0
79,1,16109,rs578123551,C,A,.,.,AF=0.00010085;INFO=0;RAF=0.000199681,GT,0|0
80,1,16127,rs544021564,C,A,.,.,AF=0.000184433;INFO=0;RAF=0.000599042,GT,0|0
81,1,16140,rs563966321,G,A,.,.,AF=0.00011074;INFO=0;RAF=0.000599042,GT,0|0
82,1,16141,rs529651976,C,T,.,.,AF=0.00114641;INFO=0;RAF=0.00259585,GT,0|0
83,1,16142,rs548165136,G,A,.,.,AF=0.000764602;INFO=0;RAF=0.00359425,GT,0|0
84,1,16365,rs561670553,G,C,.,.,AF=5.79916e-05;INFO=0;RAF=0.000399361,GT,0|0
85,1,16485,rs527352437,T,C,.,.,AF=3.77881e-06;INFO=0;RAF=0.000599042,GT,0|0
86,1,16489,rs547190368,T,A,.,.,AF=0.000236629;INFO=0;RAF=0.000199681,GT,0|0
87,1,16515,rs570562170,A,C,.,.,AF=0.000147329;INFO=0;RAF=0.000998403,GT,0|0
88,1,16542,rs539235482,C,A,.,.,AF=0.000140214;INFO=0;RAF=0.00119808,GT,0|0
89,1,16738,rs549612027,G,A,.,.,AF=1.38506e-05;INFO=0;RAF=0.000199681,GT,0|0
90,1,16834,rs569606814,C,T,.,.,AF=1.25904e-05;INFO=0;RAF=0.000199681,GT,0|0
91,1,16911,rs533210981,CA,C,.,PASS,AF=0;DR2=0;IMP,GT:DS:AP1:AP2:GP,"0|0:0:0:0:1,0,0"
92,1,16949,rs199745162,A,C,.,.,AF=0.000888771;INFO=0;RAF=0.0139776,GT,0|0
93,1,17272,rs555297131,G,A,.,.,AF=2.84118e-05;INFO=0;RAF=0.000199681,GT,0|0
94,1,17462,rs572373948,G,A,.,.,AF=2.95549e-05;INFO=0;RAF=0.000199681,GT,0|0
95,1,17569,rs535086049,C,A,.,.,AF=7.12365e-05;INFO=0;RAF=0.000798722,GT,0|0
96,1,17571,rs557947346,C,T,.,.,AF=2.02457e-05;INFO=0;RAF=0.000399361,GT,0|0
97,1,17641,rs578081284,G,A,.,.,AF=6.53045e-06;INFO=0;RAF=0.000199681,GT,0|0
98,1,17654,rs544020171,T,C,.,.,AF=8.29784e-06;INFO=0;RAF=0.000199681,GT,0|0
99,1,17694,rs563880190,C,T,.,.,AF=6.79939e-06;INFO=0;RAF=0.000599042,GT,0|0
